making(, compileobj.c, 03/15/08, 12:19:05 , )
making(, main.c, 03/15/08, 12:19:05 , )
making(, compileobj.c, 03/15/08, 12:19:56 , )
making(, main.c, 03/15/08, 12:19:57 , )
making(, compileobj.c, 03/15/08, 12:30:17 , )
making(, main.c, 03/15/08, 12:30:17 , )
making(, compileobj.c, 04/19/08, 20:45:13 , )
making(, parserobj.c, 04/19/08, 20:45:14 , )
making(, dictionary.c, 04/19/08, 20:45:14 , )
making(, builtin.c, 04/19/08, 20:45:14 , )
making(, main.c, 04/19/08, 20:45:14 , )
making(, runtime.c, 04/19/08, 20:45:14 , )
making(, turing.c, 04/19/08, 20:45:14 , )
closed(, mkd, 04/19/08, 20:46:41 , )
closed(, eecMklib, 04/19/08, 20:47:00 , )
closed(, c_objects.h, 04/19/08, 20:47:13 , )
closed(, planning.csv, 04/19/08, 20:47:15 , )
closed(, compileobj.c, 04/19/08, 20:47:16 , )
closed(, parserobj.c, 04/19/08, 20:47:17 , )
closed(, dictionary.c, 04/19/08, 20:47:19 , )
closed(, testdata001.eec, 04/19/08, 20:47:20 , )
making(, compileobj.c, 04/19/08, 20:47:25 , )
making(, parserobj.c, 04/19/08, 20:47:25 , )
making(, dictionary.c, 04/19/08, 20:47:25 , )
making(, builtin.c, 04/19/08, 20:47:25 , )
making(, main.c, 04/19/08, 20:47:25 , )
making(, runtime.c, 04/19/08, 20:47:25 , )
making(, turing.c, 04/19/08, 20:47:25 , )
making(, compileobj.c, 04/19/08, 21:24:21 , )
making(, parserobj.c, 04/19/08, 21:24:21 , )
making(, dictionary.c, 04/19/08, 21:24:22 , )
making(, builtin.c, 04/19/08, 21:24:22 , )
making(, main.c, 04/19/08, 21:24:22 , )
making(, runtime.c, 04/19/08, 21:24:22 , )
making(, turing.c, 04/19/08, 21:24:22 , )
making(, compileobj.c, 04/20/08, 20:50:36 , )
making(, parserobj.c, 04/20/08, 20:50:36 , )
making(, dictionary.c, 04/20/08, 20:50:36 , )
making(, builtin.c, 04/20/08, 20:50:37 , )
making(, main.c, 04/20/08, 20:50:37 , )
making(, runtime.c, 04/20/08, 20:50:37 , )
making(, turing.c, 04/20/08, 20:50:37 , )
closed(, mkd, 04/20/08, 20:56:59 , )
closed(, eecMklib, 04/20/08, 20:57:00 , )
closed(, cummings.h, 04/20/08, 20:57:00 , )
closed(, c_objects.h, 04/20/08, 20:57:00 , )
closed(, compileobj.c, 04/20/08, 20:57:00 , )
closed(, builtin.c, 04/20/08, 20:57:00 , )
making(, compileobj.c, 04/20/08, 20:58:07 , )
making(, parserobj.c, 04/20/08, 20:58:07 , )
making(, dictionary.c, 04/20/08, 20:58:08 , )
making(, builtin.c, 04/20/08, 20:58:08 , )
making(, main.c, 04/20/08, 20:58:08 , )
making(, runtime.c, 04/20/08, 20:58:08 , )
making(, turing.c, 04/20/08, 20:58:08 , )
making(, compileobj.c, 05/03/08, 07:24:11 , )
making(, parserobj.c, 05/03/08, 07:24:12 , )
making(, dictionary.c, 05/03/08, 07:24:12 , )
making(, builtin.c, 05/03/08, 07:24:12 , )
making(, main.c, 05/03/08, 07:24:12 , )
making(, runtime.c, 05/03/08, 07:24:12 , )
making(, string.c, 05/03/08, 07:24:12 , )
closed(, mkd, 05/03/08, 07:24:13 , )
closed(, eecMklib, 05/03/08, 07:24:13 , )
closed(, c_objects.h, 05/03/08, 07:24:13 , )
closed(, compileobj.c, 05/03/08, 07:24:13 , )
closed(, parserobj.c, 05/03/08, 07:24:13 , )
closed(, dictionary.c, 05/03/08, 07:24:13 , )
closed(, builtin.c, 05/03/08, 07:24:13 , )
closed(, runtime.c, 05/03/08, 07:24:13 , )
making(, compileobj.c, 05/25/08, 14:03:36 , )
making(, parserobj.c, 05/25/08, 14:03:36 , )
making(, dictionary.c, 05/25/08, 14:03:36 , )
making(, builtin.c, 05/25/08, 14:03:36 , )
making(, main.c, 05/25/08, 14:03:36 , )
making(, runtime.c, 05/25/08, 14:03:36 , )
making(, string.c, 05/25/08, 14:03:36 , )
making(, compileobj.c, 05/25/08, 14:23:30 , )
making(, parserobj.c, 05/25/08, 14:23:31 , )
making(, dictionary.c, 05/25/08, 14:23:31 , )
making(, builtin.c, 05/25/08, 14:23:31 , )
making(, main.c, 05/25/08, 14:23:31 , )
making(, runtime.c, 05/25/08, 14:23:31 , )
making(, string.c, 05/25/08, 14:23:31 , )
making(, compileobj.c, 05/25/08, 14:48:21 , )
making(, parserobj.c, 05/25/08, 14:48:21 , )
making(, dictionary.c, 05/25/08, 14:48:21 , )
making(, builtin.c, 05/25/08, 14:48:21 , )
making(, main.c, 05/25/08, 14:48:22 , )
making(, runtime.c, 05/25/08, 14:48:22 , )
making(, string.c, 05/25/08, 14:48:22 , )
making(, compileobj.c, 05/25/08, 14:54:29 , )
making(, parserobj.c, 05/25/08, 14:54:29 , )
making(, dictionary.c, 05/25/08, 14:54:29 , )
making(, builtin.c, 05/25/08, 14:54:29 , )
making(, main.c, 05/25/08, 14:54:30 , )
making(, runtime.c, 05/25/08, 14:54:30 , )
making(, string.c, 05/25/08, 14:54:30 , )
making(, runtime.c, 05/25/08, 14:55:31 , )
making(, runtime.c, 05/25/08, 15:04:49 , )
making(, compileobj.c, 05/25/08, 15:18:26 , )
making(, parserobj.c, 05/25/08, 15:18:27 , )
making(, dictionary.c, 05/25/08, 15:18:27 , )
making(, builtin.c, 05/25/08, 15:18:27 , )
making(, main.c, 05/25/08, 15:18:27 , )
making(, runtime.c, 05/25/08, 15:18:27 , )
making(, string.c, 05/25/08, 15:18:27 , )
making(, compileobj.c, 05/25/08, 15:21:32 , )
making(, parserobj.c, 05/25/08, 15:21:32 , )
making(, dictionary.c, 05/25/08, 15:21:32 , )
making(, builtin.c, 05/25/08, 15:21:32 , )
making(, main.c, 05/25/08, 15:21:32 , )
making(, runtime.c, 05/25/08, 15:21:32 , )
making(, string.c, 05/25/08, 15:21:33 , )
making(, compileobj.c, 05/25/08, 15:24:06 , )
making(, parserobj.c, 05/25/08, 15:24:06 , )
making(, dictionary.c, 05/25/08, 15:24:06 , )
making(, builtin.c, 05/25/08, 15:24:06 , )
making(, main.c, 05/25/08, 15:24:06 , )
making(, runtime.c, 05/25/08, 15:24:07 , )
making(, string.c, 05/25/08, 15:24:07 , )
making(, compileobj.c, 05/25/08, 15:30:50 , )
making(, parserobj.c, 05/25/08, 15:30:51 , )
making(, dictionary.c, 05/25/08, 15:30:51 , )
making(, builtin.c, 05/25/08, 15:30:51 , )
making(, main.c, 05/25/08, 15:30:51 , )
making(, runtime.c, 05/25/08, 15:30:51 , )
making(, string.c, 05/25/08, 15:30:51 , )
making(, compileobj.c, 05/25/08, 15:55:39 , )
making(, parserobj.c, 05/25/08, 15:55:39 , )
making(, dictionary.c, 05/25/08, 15:55:39 , )
making(, builtin.c, 05/25/08, 15:55:40 , )
making(, main.c, 05/25/08, 15:55:40 , )
making(, runtime.c, 05/25/08, 15:55:40 , )
making(, string.c, 05/25/08, 15:55:40 , )
making(, compileobj.c, 05/25/08, 16:27:52 , )
making(, parserobj.c, 05/25/08, 16:27:52 , )
making(, dictionary.c, 05/25/08, 16:27:52 , )
making(, builtin.c, 05/25/08, 16:27:53 , )
making(, main.c, 05/25/08, 16:27:53 , )
making(, runtime.c, 05/25/08, 16:27:53 , )
making(, string.c, 05/25/08, 16:27:53 , )
making(, compileobj.c, 05/25/08, 16:37:07 , )
making(, parserobj.c, 05/25/08, 16:37:07 , )
making(, dictionary.c, 05/25/08, 16:37:07 , )
making(, builtin.c, 05/25/08, 16:37:07 , )
making(, main.c, 05/25/08, 16:37:07 , )
making(, runtime.c, 05/25/08, 16:37:07 , )
making(, string.c, 05/25/08, 16:37:07 , )
making(, compileobj.c, 05/25/08, 16:41:12 , )
making(, parserobj.c, 05/25/08, 16:41:12 , )
making(, dictionary.c, 05/25/08, 16:41:12 , )
making(, builtin.c, 05/25/08, 16:41:12 , )
making(, main.c, 05/25/08, 16:41:12 , )
making(, runtime.c, 05/25/08, 16:41:12 , )
making(, string.c, 05/25/08, 16:41:12 , )
making(, dictionary.c, 05/25/08, 17:09:00 , )
making(, compileobj.c, 05/25/08, 19:01:04 , )
making(, parserobj.c, 05/25/08, 19:01:04 , )
making(, dictionary.c, 05/25/08, 19:01:04 , )
making(, builtin.c, 05/25/08, 19:01:04 , )
making(, main.c, 05/25/08, 19:01:04 , )
making(, runtime.c, 05/25/08, 19:01:04 , )
making(, string.c, 05/25/08, 19:01:04 , )
making(, string.c, 05/25/08, 19:04:16 , )
making(, string.c, 05/25/08, 19:06:14 , )
making(, string.c, 05/25/08, 19:07:13 , )
making(, parserobj.c, 05/25/08, 19:10:39 , )
making(, builtin.c, 05/25/08, 19:11:50 , )
making(, builtin.c, 05/25/08, 19:13:44 , )
making(, builtin.c, 05/25/08, 19:17:53 , )
making(, builtin.c, 05/25/08, 19:22:27 , )
making(, builtin.c, 05/25/08, 19:25:59 , )
making(, builtin.c, 05/25/08, 19:29:22 , )
making(, builtin.c, 05/25/08, 19:30:02 , )
making(, runtime.c, 05/25/08, 19:33:34 , )
making(, runtime.c, 05/25/08, 19:40:42 , )
making(, runtime.c, 05/25/08, 22:03:35 , )
making(, runtime.c, 05/25/08, 22:08:55 , )
making(, runtime.c, 05/25/08, 22:10:56 , )
making(, runtime.c, 05/25/08, 22:16:19 , )
making(, runtime.c, 05/25/08, 22:23:55 , )
making(, runtime.c, 05/25/08, 22:40:12 , )
making(, runtime.c, 05/25/08, 22:46:05 , )
making(, runtime.c, 05/25/08, 22:49:54 , )
making(, runtime.c, 05/25/08, 23:00:12 , )
making(, runtime.c, 05/25/08, 23:01:11 , )
making(, runtime.c, 05/25/08, 23:02:22 , )
making(, runtime.c, 05/25/08, 23:03:13 , )
making(, builtin.c, 05/26/08, 13:07:03 , )
making(, runtime.c, 05/26/08, 13:07:04 , )
making(, builtin.c, 05/26/08, 13:10:02 , )
making(, runtime.c, 05/26/08, 13:10:02 , )
making(, compileobj.c, 05/26/08, 13:15:53 , )
making(, compileobj.c, 05/26/08, 13:26:32 , )
making(, compileobj.c, 05/26/08, 13:31:40 , )
making(, parserobj.c, 05/26/08, 13:31:40 , )
making(, dictionary.c, 05/26/08, 13:31:40 , )
making(, builtin.c, 05/26/08, 13:31:40 , )
making(, main.c, 05/26/08, 13:31:40 , )
making(, runtime.c, 05/26/08, 13:31:40 , )
making(, string.c, 05/26/08, 13:31:40 , )
making(, compileobj.c, 05/26/08, 13:35:19 , )
making(, compileobj.c, 05/26/08, 14:02:02 , )
making(, parserobj.c, 05/26/08, 14:02:02 , )
making(, dictionary.c, 05/26/08, 14:02:02 , )
making(, builtin.c, 05/26/08, 14:02:02 , )
making(, main.c, 05/26/08, 14:02:03 , )
making(, runtime.c, 05/26/08, 14:02:03 , )
making(, string.c, 05/26/08, 14:02:03 , )
making(, compileobj.c, 05/26/08, 14:02:41 , )
making(, parserobj.c, 05/26/08, 14:02:41 , )
making(, dictionary.c, 05/26/08, 14:02:41 , )
making(, builtin.c, 05/26/08, 14:02:41 , )
making(, main.c, 05/26/08, 14:02:41 , )
making(, runtime.c, 05/26/08, 14:02:41 , )
making(, string.c, 05/26/08, 14:02:42 , )
making(, compileobj.c, 05/26/08, 14:20:42 , )
making(, parserobj.c, 05/26/08, 14:20:42 , )
making(, dictionary.c, 05/26/08, 14:20:42 , )
making(, builtin.c, 05/26/08, 14:20:42 , )
making(, main.c, 05/26/08, 14:20:43 , )
making(, runtime.c, 05/26/08, 14:20:43 , )
making(, string.c, 05/26/08, 14:20:43 , )
making(, compileobj.c, 05/26/08, 14:34:52 , )
making(, parserobj.c, 05/26/08, 14:34:53 , )
making(, dictionary.c, 05/26/08, 14:34:53 , )
making(, builtin.c, 05/26/08, 14:34:53 , )
making(, main.c, 05/26/08, 14:34:53 , )
making(, runtime.c, 05/26/08, 14:34:53 , )
making(, string.c, 05/26/08, 14:34:53 , )
making(, compileobj.c, 05/26/08, 14:39:04 , )
making(, parserobj.c, 05/26/08, 14:39:05 , )
making(, dictionary.c, 05/26/08, 14:39:05 , )
making(, builtin.c, 05/26/08, 14:39:05 , )
making(, main.c, 05/26/08, 14:39:05 , )
making(, runtime.c, 05/26/08, 14:39:05 , )
making(, string.c, 05/26/08, 14:39:05 , )
making(, compileobj.c, 05/26/08, 14:40:46 , )
making(, parserobj.c, 05/26/08, 14:40:46 , )
making(, dictionary.c, 05/26/08, 14:40:46 , )
making(, builtin.c, 05/26/08, 14:40:46 , )
making(, main.c, 05/26/08, 14:40:46 , )
making(, runtime.c, 05/26/08, 14:40:46 , )
making(, string.c, 05/26/08, 14:40:46 , )
making(, compileobj.c, 05/26/08, 14:41:20 , )
making(, parserobj.c, 05/26/08, 14:41:20 , )
making(, dictionary.c, 05/26/08, 14:41:20 , )
making(, builtin.c, 05/26/08, 14:41:20 , )
making(, main.c, 05/26/08, 14:41:20 , )
making(, runtime.c, 05/26/08, 14:41:20 , )
making(, string.c, 05/26/08, 14:41:20 , )
making(, compileobj.c, 05/26/08, 20:13:35 , )
making(, parserobj.c, 05/26/08, 20:13:35 , )
making(, dictionary.c, 05/26/08, 20:13:36 , )
making(, builtin.c, 05/26/08, 20:13:36 , )
making(, main.c, 05/26/08, 20:13:36 , )
making(, runtime.c, 05/26/08, 20:13:36 , )
making(, string.c, 05/26/08, 20:13:36 , )
making(, compileobj.c, 05/26/08, 20:17:16 , )
making(, runtime.c, 05/26/08, 20:17:16 , )
making(, compileobj.c, 05/26/08, 20:20:31 , )
making(, runtime.c, 05/26/08, 20:20:31 , )
making(, compileobj.c, 05/26/08, 20:22:03 , )
making(, runtime.c, 05/26/08, 20:22:03 , )
making(, compileobj.c, 05/26/08, 20:26:32 , )
making(, runtime.c, 05/26/08, 20:26:32 , )
making(, compileobj.c, 05/29/08, 21:23:18 , )
making(, parserobj.c, 05/29/08, 21:23:19 , )
making(, dictionary.c, 05/29/08, 21:23:19 , )
making(, builtin.c, 05/29/08, 21:23:19 , )
making(, main.c, 05/29/08, 21:23:19 , )
making(, runtime.c, 05/29/08, 21:23:19 , )
making(, string.c, 05/29/08, 21:23:19 , )
making(, compileobj.c, 05/29/08, 21:25:03 , )
making(, compileobj.c, 05/29/08, 21:28:15 , )
making(, parserobj.c, 05/29/08, 21:28:15 , )
making(, dictionary.c, 05/29/08, 21:28:15 , )
making(, builtin.c, 05/29/08, 21:28:15 , )
making(, main.c, 05/29/08, 21:28:15 , )
making(, runtime.c, 05/29/08, 21:28:15 , )
making(, string.c, 05/29/08, 21:28:15 , )
making(, compileobj.c, 05/29/08, 21:34:13 , )
making(, parserobj.c, 05/29/08, 21:34:13 , )
making(, dictionary.c, 05/29/08, 21:34:13 , )
making(, builtin.c, 05/29/08, 21:34:13 , )
making(, main.c, 05/29/08, 21:34:13 , )
making(, runtime.c, 05/29/08, 21:34:14 , )
making(, string.c, 05/29/08, 21:34:14 , )
making(, compileobj.c, 05/29/08, 21:37:14 , )
making(, compileobj.c, 05/31/08, 12:14:53 , )
making(, parserobj.c, 05/31/08, 12:14:53 , )
making(, dictionary.c, 05/31/08, 12:14:53 , )
making(, builtin.c, 05/31/08, 12:14:53 , )
making(, main.c, 05/31/08, 12:14:53 , )
making(, runtime.c, 05/31/08, 12:14:53 , )
making(, string.c, 05/31/08, 12:14:54 , )
making(, compileobj.c, 08/24/08, 19:40:50 , )
making(, compileobj.c, 08/24/08, 19:50:58 , )
making(, compileobj.c, 08/26/08, 21:21:15 , )
making(, parserobj.c, 08/26/08, 21:21:16 , )
making(, dictionary.c, 08/26/08, 21:21:16 , )
making(, builtin.c, 08/26/08, 21:21:16 , )
making(, main.c, 08/26/08, 21:21:17 , )
making(, runtime.c, 08/26/08, 21:21:17 , )
making(, string.c, 08/26/08, 21:21:17 , )
making(, compileobj.c, 08/26/08, 21:41:05 , )
making(, parserobj.c, 08/26/08, 21:41:05 , )
making(, dictionary.c, 08/26/08, 21:41:05 , )
making(, builtin.c, 08/26/08, 21:41:05 , )
making(, main.c, 08/26/08, 21:41:06 , )
making(, runtime.c, 08/26/08, 21:41:06 , )
making(, string.c, 08/26/08, 21:41:06 , )
making(, compileobj.c, 08/26/08, 21:42:17 , )
making(, parserobj.c, 08/26/08, 21:42:17 , )
making(, dictionary.c, 08/26/08, 21:42:17 , )
making(, builtin.c, 08/26/08, 21:42:17 , )
making(, main.c, 08/26/08, 21:42:17 , )
making(, runtime.c, 08/26/08, 21:42:17 , )
making(, string.c, 08/26/08, 21:42:17 , )
making(, compileobj.c, 08/26/08, 21:46:13 , )
making(, parserobj.c, 08/26/08, 21:46:13 , )
making(, dictionary.c, 08/26/08, 21:46:13 , )
making(, builtin.c, 08/26/08, 21:46:13 , )
making(, main.c, 08/26/08, 21:46:13 , )
making(, runtime.c, 08/26/08, 21:46:13 , )
making(, string.c, 08/26/08, 21:46:13 , )
making(, compileobj.c, 08/26/08, 21:50:57 , )
making(, parserobj.c, 08/26/08, 21:50:57 , )
making(, dictionary.c, 08/26/08, 21:50:57 , )
making(, builtin.c, 08/26/08, 21:50:57 , )
making(, main.c, 08/26/08, 21:50:58 , )
making(, runtime.c, 08/26/08, 21:50:58 , )
making(, string.c, 08/26/08, 21:50:58 , )
making(, compileobj.c, 08/26/08, 21:56:11 , )
making(, parserobj.c, 08/26/08, 21:56:11 , )
making(, dictionary.c, 08/26/08, 21:56:11 , )
making(, builtin.c, 08/26/08, 21:56:11 , )
making(, main.c, 08/26/08, 21:56:11 , )
making(, runtime.c, 08/26/08, 21:56:11 , )
making(, string.c, 08/26/08, 21:56:11 , )
making(, compileobj.c, 08/26/08, 21:57:26 , )
making(, parserobj.c, 08/26/08, 21:57:26 , )
making(, dictionary.c, 08/26/08, 21:57:26 , )
making(, builtin.c, 08/26/08, 21:57:26 , )
making(, main.c, 08/26/08, 21:57:26 , )
making(, runtime.c, 08/26/08, 21:57:27 , )
making(, string.c, 08/26/08, 21:57:27 , )
making(, compileobj.c, 09/11/08, 20:36:31 , )
making(, parserobj.c, 09/11/08, 20:36:32 , )
making(, dictionary.c, 09/11/08, 20:36:32 , )
making(, builtin.c, 09/11/08, 20:36:32 , )
making(, main.c, 09/11/08, 20:36:32 , )
making(, runtime.c, 09/11/08, 20:36:32 , )
making(, string.c, 09/11/08, 20:36:32 , )
making(, compileobj.c, 09/11/08, 20:42:49 , )
making(, parserobj.c, 09/11/08, 20:42:49 , )
making(, dictionary.c, 09/11/08, 20:42:49 , )
making(, builtin.c, 09/11/08, 20:42:49 , )
making(, main.c, 09/11/08, 20:42:50 , )
making(, runtime.c, 09/11/08, 20:42:50 , )
making(, string.c, 09/11/08, 20:42:50 , )
making(, compileobj.c, 09/11/08, 20:46:23 , )
making(, parserobj.c, 09/11/08, 20:46:23 , )
making(, dictionary.c, 09/11/08, 20:46:23 , )
making(, builtin.c, 09/11/08, 20:46:23 , )
making(, main.c, 09/11/08, 20:46:23 , )
making(, runtime.c, 09/11/08, 20:46:23 , )
making(, string.c, 09/11/08, 20:46:23 , )
making(, compileobj.c, 09/26/08, 21:26:15 , )
making(, parserobj.c, 09/26/08, 21:26:15 , )
making(, dictionary.c, 09/26/08, 21:26:16 , )
making(, builtin.c, 09/26/08, 21:26:16 , )
making(, main.c, 09/26/08, 21:26:16 , )
making(, runtime.c, 09/26/08, 21:26:16 , )
making(, string.c, 09/26/08, 21:26:16 , )
making(, compileobj.c, 09/26/08, 23:22:15 , )
making(, parserobj.c, 09/26/08, 23:22:15 , )
making(, dictionary.c, 09/26/08, 23:22:16 , )
making(, builtin.c, 09/26/08, 23:22:16 , )
making(, main.c, 09/26/08, 23:22:16 , )
making(, runtime.c, 09/26/08, 23:22:16 , )
making(, string.c, 09/26/08, 23:22:16 , )
making(, compileobj.c, 09/28/08, 20:47:56 , )
making(, parserobj.c, 09/28/08, 20:47:57 , )
making(, dictionary.c, 09/28/08, 20:47:57 , )
making(, builtin.c, 09/28/08, 20:47:57 , )
making(, main.c, 09/28/08, 20:47:57 , )
making(, runtime.c, 09/28/08, 20:47:57 , )
making(, string.c, 09/28/08, 20:47:57 , )
making(, compileobj.c, 09/28/08, 20:50:18 , )
making(, parserobj.c, 09/28/08, 20:50:18 , )
making(, dictionary.c, 09/28/08, 20:50:18 , )
making(, builtin.c, 09/28/08, 20:50:18 , )
making(, main.c, 09/28/08, 20:50:18 , )
making(, runtime.c, 09/28/08, 20:50:19 , )
making(, string.c, 09/28/08, 20:50:19 , )
making(, compileobj.c, 09/28/08, 20:51:46 , )
making(, parserobj.c, 09/28/08, 20:51:46 , )
making(, dictionary.c, 09/28/08, 20:51:46 , )
making(, builtin.c, 09/28/08, 20:51:46 , )
making(, main.c, 09/28/08, 20:51:46 , )
making(, runtime.c, 09/28/08, 20:51:46 , )
making(, string.c, 09/28/08, 20:51:46 , )
making(, compileobj.c, 09/28/08, 20:53:59 , )
making(, compileobj.c, 10/26/08, 20:21:55 , )
making(, parserobj.c, 10/26/08, 20:21:56 , )
making(, dictionary.c, 10/26/08, 20:21:56 , )
making(, builtin.c, 10/26/08, 20:21:56 , )
making(, main.c, 10/26/08, 20:21:56 , )
making(, runtime.c, 10/26/08, 20:21:57 , )
making(, string.c, 10/26/08, 20:21:57 , )
making(, compileobj.c, 10/26/08, 21:15:25 , )
making(, parserobj.c, 10/26/08, 21:15:26 , )
making(, dictionary.c, 10/26/08, 21:15:26 , )
making(, builtin.c, 10/26/08, 21:15:26 , )
making(, main.c, 10/26/08, 21:15:26 , )
making(, runtime.c, 10/26/08, 21:15:26 , )
making(, string.c, 10/26/08, 21:15:26 , )
making(, compileobj.c, 10/26/08, 21:17:57 , )
making(, parserobj.c, 10/26/08, 21:17:57 , )
making(, dictionary.c, 10/26/08, 21:17:57 , )
making(, builtin.c, 10/26/08, 21:17:57 , )
making(, main.c, 10/26/08, 21:17:58 , )
making(, runtime.c, 10/26/08, 21:17:58 , )
making(, string.c, 10/26/08, 21:17:58 , )
making(, compileobj.c, 10/26/08, 21:37:57 , )
making(, parserobj.c, 10/26/08, 21:37:57 , )
making(, dictionary.c, 10/26/08, 21:37:57 , )
making(, builtin.c, 10/26/08, 21:37:58 , )
making(, main.c, 10/26/08, 21:37:58 , )
making(, runtime.c, 10/26/08, 21:37:58 , )
making(, string.c, 10/26/08, 21:37:58 , )
making(, compileobj.c, 10/26/08, 21:42:24 , )
making(, parserobj.c, 10/26/08, 21:42:24 , )
making(, dictionary.c, 10/26/08, 21:42:24 , )
making(, builtin.c, 10/26/08, 21:42:24 , )
making(, main.c, 10/26/08, 21:42:24 , )
making(, runtime.c, 10/26/08, 21:42:24 , )
making(, string.c, 10/26/08, 21:42:24 , )
making(, main.c, 10/26/08, 23:22:05 , )
making(, main.c, 10/26/08, 23:22:25 , )
making(, compileobj.c, 10/27/08, 04:45:53 , )
making(, parserobj.c, 10/27/08, 04:45:53 , )
making(, dictionary.c, 10/27/08, 04:45:53 , )
making(, builtin.c, 10/27/08, 04:45:53 , )
making(, main.c, 10/27/08, 04:45:53 , )
making(, runtime.c, 10/27/08, 04:45:54 , )
making(, string.c, 10/27/08, 04:45:54 , )
making(, compileobj.c, 10/27/08, 04:47:44 , )
making(, parserobj.c, 10/27/08, 04:47:44 , )
making(, dictionary.c, 10/27/08, 04:47:44 , )
making(, builtin.c, 10/27/08, 04:47:44 , )
making(, main.c, 10/27/08, 04:47:44 , )
making(, runtime.c, 10/27/08, 04:47:45 , )
making(, string.c, 10/27/08, 04:47:45 , )
making(, compileobj.c, 10/27/08, 05:27:56 , )
making(, parserobj.c, 10/27/08, 05:27:56 , )
making(, dictionary.c, 10/27/08, 05:27:57 , )
making(, builtin.c, 10/27/08, 05:27:57 , )
making(, main.c, 10/27/08, 05:27:57 , )
making(, runtime.c, 10/27/08, 05:27:57 , )
making(, string.c, 10/27/08, 05:27:57 , )
making(, compileobj.c, 10/27/08, 05:32:40 , )
making(, parserobj.c, 10/27/08, 05:32:40 , )
making(, dictionary.c, 10/27/08, 05:32:40 , )
making(, builtin.c, 10/27/08, 05:32:40 , )
making(, main.c, 10/27/08, 05:32:40 , )
making(, runtime.c, 10/27/08, 05:32:40 , )
making(, string.c, 10/27/08, 05:32:40 , )
making(, compileobj.c, 10/27/08, 05:34:57 , )
making(, compileobj.c, 10/27/08, 05:35:36 , )
making(, compileobj.c, 10/27/08, 06:27:11 , )
making(, parserobj.c, 10/27/08, 06:27:11 , )
making(, dictionary.c, 10/27/08, 06:27:11 , )
making(, builtin.c, 10/27/08, 06:27:12 , )
making(, main.c, 10/27/08, 06:27:12 , )
making(, runtime.c, 10/27/08, 06:27:12 , )
making(, string.c, 10/27/08, 06:27:12 , )
making(, compileobj.c, 10/27/08, 06:30:13 , )
making(, builtin.c, 10/27/08, 06:30:13 , )
making(, builtin.c, 10/27/08, 06:40:23 , )
making(, compileobj.c, 10/27/08, 07:08:30 , )
making(, parserobj.c, 10/27/08, 07:08:30 , )
making(, dictionary.c, 10/27/08, 07:08:30 , )
making(, builtin.c, 10/27/08, 07:08:30 , )
making(, main.c, 10/27/08, 07:08:31 , )
making(, runtime.c, 10/27/08, 07:08:31 , )
making(, string.c, 10/27/08, 07:08:31 , )
making(, compileobj.c, 10/27/08, 07:10:08 , )
making(, parserobj.c, 10/27/08, 07:10:08 , )
making(, dictionary.c, 10/27/08, 07:10:08 , )
making(, builtin.c, 10/27/08, 07:10:08 , )
making(, main.c, 10/27/08, 07:10:08 , )
making(, runtime.c, 10/27/08, 07:10:08 , )
making(, string.c, 10/27/08, 07:10:09 , )
making(, compileobj.c, 10/27/08, 20:28:57 , )
making(, parserobj.c, 10/27/08, 20:28:58 , )
making(, dictionary.c, 10/27/08, 20:28:58 , )
making(, builtin.c, 10/27/08, 20:28:58 , )
making(, main.c, 10/27/08, 20:28:58 , )
making(, runtime.c, 10/27/08, 20:28:58 , )
making(, string.c, 10/27/08, 20:28:58 , )
making(, compileobj.c, 11/09/08, 20:25:19 , )
making(, parserobj.c, 11/09/08, 20:25:20 , )
making(, dictionary.c, 11/09/08, 20:25:20 , )
making(, builtin.c, 11/09/08, 20:25:20 , )
making(, main.c, 11/09/08, 20:25:21 , )
making(, runtime.c, 11/09/08, 20:25:21 , )
making(, string.c, 11/09/08, 20:25:21 , )
making(, compileobj.c, 11/09/08, 20:48:40 , )
making(, parserobj.c, 11/09/08, 20:48:40 , )
making(, dictionary.c, 11/09/08, 20:48:40 , )
making(, builtin.c, 11/09/08, 20:48:40 , )
making(, main.c, 11/09/08, 20:48:40 , )
making(, runtime.c, 11/09/08, 20:48:40 , )
making(, string.c, 11/09/08, 20:48:40 , )
making(, compileobj.c, 11/09/08, 20:52:01 , )
making(, parserobj.c, 11/09/08, 20:52:01 , )
making(, dictionary.c, 11/09/08, 20:52:01 , )
making(, builtin.c, 11/09/08, 20:52:01 , )
making(, main.c, 11/09/08, 20:52:01 , )
making(, runtime.c, 11/09/08, 20:52:01 , )
making(, string.c, 11/09/08, 20:52:02 , )
making(, compileobj.c, 11/09/08, 20:54:28 , )
making(, parserobj.c, 11/09/08, 20:54:28 , )
making(, dictionary.c, 11/09/08, 20:54:28 , )
making(, builtin.c, 11/09/08, 20:54:28 , )
making(, main.c, 11/09/08, 20:54:28 , )
making(, runtime.c, 11/09/08, 20:54:29 , )
making(, string.c, 11/09/08, 20:54:29 , )
making(, compileobj.c, 11/09/08, 20:56:11 , )
making(, parserobj.c, 11/09/08, 20:56:11 , )
making(, dictionary.c, 11/09/08, 20:56:11 , )
making(, builtin.c, 11/09/08, 20:56:11 , )
making(, main.c, 11/09/08, 20:56:11 , )
making(, runtime.c, 11/09/08, 20:56:12 , )
making(, string.c, 11/09/08, 20:56:12 , )
making(, compileobj.c, 11/09/08, 20:58:11 , )
making(, parserobj.c, 11/09/08, 20:58:11 , )
making(, dictionary.c, 11/09/08, 20:58:12 , )
making(, builtin.c, 11/09/08, 20:58:12 , )
making(, main.c, 11/09/08, 20:58:12 , )
making(, runtime.c, 11/09/08, 20:58:12 , )
making(, string.c, 11/09/08, 20:58:12 , )
making(, compileobj.c, 11/09/08, 21:00:15 , )
making(, parserobj.c, 11/09/08, 21:00:15 , )
making(, dictionary.c, 11/09/08, 21:00:15 , )
making(, builtin.c, 11/09/08, 21:00:15 , )
making(, main.c, 11/09/08, 21:00:16 , )
making(, runtime.c, 11/09/08, 21:00:16 , )
making(, string.c, 11/09/08, 21:00:16 , )
making(, compileobj.c, 07/18/09, 16:53:07 , )
making(, parserobj.c, 07/18/09, 16:53:07 , )
making(, dictionary.c, 07/18/09, 16:53:07 , )
making(, builtin.c, 07/18/09, 16:53:08 , )
making(, main.c, 07/18/09, 16:53:08 , )
making(, runtime.c, 07/18/09, 16:53:08 , )
making(, string.c, 07/18/09, 16:53:08 , )
making(, compileobj.c, 07/18/09, 16:59:18 , )
making(, parserobj.c, 07/18/09, 16:59:18 , )
making(, dictionary.c, 07/18/09, 16:59:18 , )
making(, builtin.c, 07/18/09, 16:59:18 , )
making(, main.c, 07/18/09, 16:59:18 , )
making(, runtime.c, 07/18/09, 16:59:18 , )
making(, string.c, 07/18/09, 16:59:18 , )
making(, compileobj.c, 07/18/09, 22:25:34 , )
making(, parserobj.c, 07/18/09, 22:25:34 , )
making(, dictionary.c, 07/18/09, 22:25:34 , )
making(, builtin.c, 07/18/09, 22:25:34 , )
making(, main.c, 07/18/09, 22:25:34 , )
making(, runtime.c, 07/18/09, 22:25:34 , )
making(, string.c, 07/18/09, 22:25:34 , )
making(, compileobj.c, 07/18/09, 22:48:45 , )
making(, parserobj.c, 07/18/09, 22:48:45 , )
making(, dictionary.c, 07/18/09, 22:48:45 , )
making(, builtin.c, 07/18/09, 22:48:45 , )
making(, main.c, 07/18/09, 22:48:45 , )
making(, runtime.c, 07/18/09, 22:48:46 , )
making(, string.c, 07/18/09, 22:48:46 , )
making(, compileobj.c, 07/19/09, 07:04:52 , )
making(, parserobj.c, 07/19/09, 07:04:52 , )
making(, dictionary.c, 07/19/09, 07:04:53 , )
making(, builtin.c, 07/19/09, 07:04:53 , )
making(, main.c, 07/19/09, 07:04:53 , )
making(, runtime.c, 07/19/09, 07:04:53 , )
making(, string.c, 07/19/09, 07:04:53 , )
making(, compileobj.c, 07/19/09, 07:14:50 , )
making(, parserobj.c, 07/19/09, 07:14:50 , )
making(, dictionary.c, 07/19/09, 07:14:50 , )
making(, builtin.c, 07/19/09, 07:14:50 , )
making(, main.c, 07/19/09, 07:14:50 , )
making(, runtime.c, 07/19/09, 07:14:50 , )
making(, string.c, 07/19/09, 07:14:50 , )
making(, compileobj.c, 07/19/09, 07:25:35 , )
making(, parserobj.c, 07/19/09, 07:25:35 , )
making(, dictionary.c, 07/19/09, 07:25:35 , )
making(, builtin.c, 07/19/09, 07:25:35 , )
making(, main.c, 07/19/09, 07:25:35 , )
making(, runtime.c, 07/19/09, 07:25:35 , )
making(, string.c, 07/19/09, 07:25:35 , )
making(, compileobj.c, 07/21/09, 21:56:13 , )
making(, builtin.c, 07/21/09, 21:56:13 , )
making(, runtime.c, 07/21/09, 21:56:13 , )
making(, builtin.c, 07/21/09, 22:01:34 , )
making(, runtime.c, 07/21/09, 22:01:34 , )
making(, compileobj.c, 07/21/09, 22:30:40 , )
making(, builtin.c, 07/21/09, 22:30:40 , )
making(, runtime.c, 07/21/09, 22:30:40 , )
making(, compileobj.c, 07/21/09, 22:39:18 , )
making(, parserobj.c, 07/21/09, 22:39:18 , )
making(, dictionary.c, 07/21/09, 22:39:18 , )
making(, builtin.c, 07/21/09, 22:39:18 , )
making(, main.c, 07/21/09, 22:39:18 , )
making(, runtime.c, 07/21/09, 22:39:18 , )
making(, string.c, 07/21/09, 22:39:18 , )
making(, compileobj.c, 07/23/09, 22:23:55 , )
making(, parserobj.c, 07/23/09, 22:23:55 , )
making(, dictionary.c, 07/23/09, 22:23:56 , )
making(, builtin.c, 07/23/09, 22:23:56 , )
making(, main.c, 07/23/09, 22:23:56 , )
making(, runtime.c, 07/23/09, 22:23:56 , )
making(, string.c, 07/23/09, 22:23:56 , )
making(, compileobj.c, 07/23/09, 22:29:06 , )
making(, parserobj.c, 07/23/09, 22:29:06 , )
making(, dictionary.c, 07/23/09, 22:29:06 , )
making(, builtin.c, 07/23/09, 22:29:06 , )
making(, main.c, 07/23/09, 22:29:06 , )
making(, runtime.c, 07/23/09, 22:29:07 , )
making(, string.c, 07/23/09, 22:29:07 , )
making(, builtin.c, 07/25/09, 20:04:56 , )
making(, builtin.c, 07/25/09, 20:12:56 , )
making(, compileobj.c, 07/25/09, 20:13:42 , )
making(, dictionary.c, 07/25/09, 20:13:42 , )
making(, parserobj.c, 07/25/09, 20:18:30 , )
making(, dictionary.c, 07/25/09, 20:18:31 , )
making(, string.c, 07/25/09, 20:18:31 , )
making(, compileobj.c, 07/25/09, 20:21:19 , )
making(, parserobj.c, 07/25/09, 20:21:19 , )
making(, dictionary.c, 07/25/09, 20:21:19 , )
making(, string.c, 07/25/09, 20:21:19 , )
making(, compileobj.c, 07/25/09, 20:27:59 , )
making(, parserobj.c, 07/25/09, 20:27:59 , )
making(, dictionary.c, 07/25/09, 20:27:59 , )
making(, string.c, 07/25/09, 20:27:59 , )
making(, compileobj.c, 07/25/09, 20:59:46 , )
making(, parserobj.c, 07/25/09, 20:59:46 , )
making(, dictionary.c, 07/25/09, 20:59:46 , )
making(, builtin.c, 07/25/09, 20:59:46 , )
making(, string.c, 07/25/09, 20:59:47 , )
making(, compileobj.c, 07/25/09, 21:00:22 , )
making(, parserobj.c, 07/25/09, 21:00:22 , )
making(, dictionary.c, 07/25/09, 21:00:22 , )
making(, builtin.c, 07/25/09, 21:00:22 , )
making(, main.c, 07/25/09, 21:00:22 , )
making(, runtime.c, 07/25/09, 21:00:22 , )
making(, string.c, 07/25/09, 21:00:22 , )
making(, compileobj.c, 07/25/09, 21:04:25 , )
making(, parserobj.c, 07/25/09, 21:04:25 , )
making(, dictionary.c, 07/25/09, 21:04:25 , )
making(, builtin.c, 07/25/09, 21:04:25 , )
making(, runtime.c, 07/25/09, 21:04:25 , )
making(, string.c, 07/25/09, 21:04:25 , )
making(, compileobj.c, 07/26/09, 13:12:58 , )
making(, parserobj.c, 07/26/09, 13:12:58 , )
making(, dictionary.c, 07/26/09, 13:12:59 , )
making(, builtin.c, 07/26/09, 13:12:59 , )
making(, main.c, 07/26/09, 13:12:59 , )
making(, runtime.c, 07/26/09, 13:12:59 , )
making(, string.c, 07/26/09, 13:12:59 , )
making(, compileobj.c, 07/26/09, 13:20:49 , )
making(, builtin.c, 07/26/09, 13:20:49 , )
making(, cobjects.c, 07/26/09, 13:30:24 , )
making(, cobjects.c, 07/26/09, 13:32:16 , )
making(, cobjects.c, 07/26/09, 13:49:04 , )
making(, compileobj.c, 07/26/09, 13:49:04 , )
making(, cobjects.c, 07/26/09, 14:10:03 , )
making(, compileobj.c, 07/26/09, 14:10:03 , )
making(, cobjects.c, 07/26/09, 14:12:25 , )
making(, cobjects.c, 07/26/09, 14:14:16 , )
making(, cobjects.c, 07/26/09, 14:18:18 , )
making(, compileobj.c, 07/26/09, 14:18:18 , )
making(, cobjects.c, 08/02/09, 13:03:39 , )
making(, compileobj.c, 08/02/09, 13:03:40 , )
making(, parserobj.c, 08/02/09, 13:03:40 , )
making(, dictionary.c, 08/02/09, 13:03:40 , )
making(, builtin.c, 08/02/09, 13:03:40 , )
making(, main.c, 08/02/09, 13:03:40 , )
making(, runtime.c, 08/02/09, 13:03:40 , )
making(, cstack.c, 08/02/09, 13:17:23 , )
making(, builtin.c, 08/02/09, 13:21:23 , )
making(, cobjects.c, 08/02/09, 18:00:40 , )
making(, cstack.c, 08/02/09, 18:00:40 , )
making(, builtin.c, 08/02/09, 18:00:40 , )
making(, cobjects.c, 08/02/09, 18:01:27 , )
making(, cstack.c, 08/02/09, 18:01:27 , )
making(, parserobj.c, 08/02/09, 18:01:28 , )
making(, dictionary.c, 08/02/09, 18:01:28 , )
making(, builtin.c, 08/02/09, 18:01:28 , )
making(, main.c, 08/02/09, 18:01:28 , )
making(, runtime.c, 08/02/09, 18:01:28 , )
making(, cobjects.c, 08/02/09, 19:12:42 , )
making(, cstack.c, 08/02/09, 19:12:42 , )
making(, runtime.c, 08/02/09, 19:12:43 , )
making(, cobjects.c, 08/02/09, 19:17:03 , )
making(, cstack.c, 08/02/09, 19:17:03 , )
making(, runtime.c, 08/02/09, 19:17:03 , )
making(, cobjects.c, 08/09/09, 16:10:55 , )
making(, cobjects.c, 08/09/09, 16:32:08 , )
making(, cobjects.c, 08/09/09, 16:35:14 , )
making(, cobjects.c, 08/09/09, 17:27:59 , )
making(, cobjects.c, 08/09/09, 17:30:39 , )
making(, cobjects.c, 08/09/09, 17:38:27 , )
making(, cobjects.c, 08/09/09, 17:54:23 , )
making(, cstack.c, 08/09/09, 17:54:23 , )
making(, cobjects.c, 08/09/09, 17:57:19 , )
making(, cstack.c, 08/09/09, 17:57:19 , )
making(, cobjects.c, 08/09/09, 18:06:57 , )
making(, cstack.c, 08/09/09, 18:06:57 , )
making(, cobjects.c, 08/09/09, 18:09:06 , )
making(, cstack.c, 08/09/09, 18:09:06 , )
making(, cobjects.c, 08/09/09, 18:11:55 , )
making(, cstack.c, 08/09/09, 18:11:56 , )
making(, cobjects.c, 08/09/09, 18:13:20 , )
making(, cstack.c, 08/09/09, 18:13:20 , )
making(, cobjects.c, 08/09/09, 18:14:54 , )
making(, cstack.c, 08/09/09, 18:14:54 , )
making(, cobjects.c, 08/09/09, 18:17:31 , )
making(, cstack.c, 08/09/09, 18:17:31 , )
making(, cobjects.c, 08/28/09, 21:40:30 , )
making(, cstack.c, 08/28/09, 21:40:30 , )
making(, cobjects.c, 08/28/09, 21:41:42 , )
making(, cstack.c, 08/28/09, 21:41:42 , )
making(, cobjects.c, 08/29/09, 21:41:32 , )
making(, cobjects.c, 08/29/09, 22:00:24 , )
making(, cobjects.c, 08/29/09, 22:04:24 , )
making(, cobjects.c, 08/29/09, 22:11:09 , )
making(, cobjects.c, 08/29/09, 22:13:53 , )
making(, runtime.c, 08/29/09, 22:41:15 , )
making(, cobjects.c, 09/08/09, 21:15:30 , )
making(, cstack.c, 09/08/09, 21:15:31 , )
making(, parserobj.c, 09/08/09, 21:15:31 , )
making(, dictionary.c, 09/08/09, 21:15:31 , )
making(, builtin.c, 09/08/09, 21:15:31 , )
making(, main.c, 09/08/09, 21:15:31 , )
making(, runtime.c, 09/08/09, 21:15:31 , )
making(, cobjects.c, 09/08/09, 21:26:20 , )
making(, cstack.c, 09/08/09, 21:26:20 , )
making(, parserobj.c, 09/08/09, 21:26:20 , )
making(, dictionary.c, 09/08/09, 21:26:20 , )
making(, builtin.c, 09/08/09, 21:26:20 , )
making(, main.c, 09/08/09, 21:26:21 , )
making(, runtime.c, 09/08/09, 21:26:21 , )
making(, builtin.c, 09/08/09, 21:28:53 , )
making(, cobjects.c, 09/10/09, 22:15:29 , )
making(, runtime.c, 09/10/09, 22:15:29 , )
making(, cobjects.c, 09/10/09, 22:17:03 , )
making(, runtime.c, 09/10/09, 22:21:42 , )
making(, cobjects.c, 09/10/09, 22:30:40 , )
making(, parserobj.c, 09/10/09, 22:30:40 , )
making(, runtime.c, 09/10/09, 22:30:40 , )
making(, parserobj.c, 09/10/09, 22:32:24 , )
making(, runtime.c, 09/10/09, 22:32:25 , )
making(, parserobj.c, 09/10/09, 22:39:07 , )
making(, parserobj.c, 09/10/09, 22:44:22 , )
making(, runtime.c, 09/10/09, 22:44:22 , )
making(, parserobj.c, 09/10/09, 22:53:34 , )
making(, runtime.c, 09/10/09, 22:53:34 , )
making(, parserobj.c, 09/19/09, 21:12:06 , )
making(, runtime.c, 09/19/09, 21:12:07 , )
making(, parserobj.c, 09/19/09, 21:13:01 , )
making(, runtime.c, 09/19/09, 21:13:01 , )
making(, parserobj.c, 09/19/09, 21:13:20 , )
making(, runtime.c, 09/19/09, 21:13:20 , )
making(, parserobj.c, 09/20/09, 10:20:16 , )
making(, runtime.c, 09/20/09, 10:20:16 , )
making(, parserobj.c, 09/20/09, 10:20:53 , )
making(, runtime.c, 09/20/09, 10:20:53 , )
making(, runtime.c, 09/20/09, 10:25:52 , )
making(, runtime.c, 09/20/09, 10:43:00 , )
making(, runtime.c, 09/20/09, 10:44:20 , )
making(, runtime.c, 09/20/09, 10:47:51 , )
making(, runtime.c, 09/20/09, 10:49:27 , )
making(, cobjects.c, 09/20/09, 12:31:58 , )
making(, parserobj.c, 09/20/09, 12:31:58 , )
making(, builtin.c, 09/20/09, 12:31:59 , )
making(, cobjects.c, 09/20/09, 12:34:20 , )
making(, parserobj.c, 09/20/09, 12:34:20 , )
making(, builtin.c, 09/20/09, 12:34:20 , )
making(, cobjects.c, 09/20/09, 13:15:35 , )
making(, cstack.c, 09/20/09, 13:15:35 , )
making(, parserobj.c, 09/20/09, 13:15:35 , )
making(, dictionary.c, 09/20/09, 13:15:35 , )
making(, builtin.c, 09/20/09, 13:15:35 , )
making(, main.c, 09/20/09, 13:15:35 , )
making(, runtime.c, 09/20/09, 13:15:35 , )
making(, parserobj.c, 09/20/09, 13:32:38 , )
making(, cobjects.c, 09/20/09, 14:10:34 , )
making(, parserobj.c, 09/20/09, 14:10:34 , )
making(, runtime.c, 09/20/09, 14:10:34 , )
making(, cobjects.c, 09/20/09, 14:12:35 , )
making(, parserobj.c, 09/20/09, 14:12:35 , )
making(, runtime.c, 09/20/09, 14:12:35 , )
making(, cobjects.c, 09/20/09, 14:26:54 , )
making(, parserobj.c, 09/20/09, 14:26:54 , )
making(, runtime.c, 09/20/09, 14:26:54 , )
making(, cobjects.c, 09/20/09, 14:29:38 , )
making(, parserobj.c, 09/20/09, 14:29:38 , )
making(, runtime.c, 09/20/09, 14:29:38 , )
making(, parserobj.c, 12/26/09, 16:20:53 , )
making(, runtime.c, 12/26/09, 16:20:53 , )
making(, parserobj.c, 12/26/09, 16:24:48 , )
making(, runtime.c, 12/26/09, 16:24:48 , )
making(, parserobj.c, 12/26/09, 23:09:43 , )
making(, runtime.c, 12/26/09, 23:09:44 , )
making(, cobjects.c, 12/28/09, 16:15:01 , )
making(, cstack.c, 12/28/09, 16:15:01 , )
making(, parserobj.c, 12/28/09, 16:15:01 , )
making(, dictionary.c, 12/28/09, 16:15:01 , )
making(, builtin.c, 12/28/09, 16:15:01 , )
making(, main.c, 12/28/09, 16:15:02 , )
making(, runtime.c, 12/28/09, 16:15:02 , )
making(, cobjects.c, 12/28/09, 17:00:59 , )
making(, cstack.c, 12/28/09, 17:00:59 , )
making(, cobjects.c, 12/29/09, 22:43:48 , )
making(, cobjects.c, 12/29/09, 22:48:42 , )
making(, cobjects.c, 12/29/09, 22:52:39 , )
making(, cobjects.c, 01/06/10, 21:57:05 , )
making(, cstack.c, 01/06/10, 21:57:05 , )
making(, parserobj.c, 01/06/10, 21:57:05 , )
making(, dictionary.c, 01/06/10, 21:57:05 , )
making(, builtin.c, 01/06/10, 21:57:05 , )
making(, main.c, 01/06/10, 21:57:06 , )
making(, runtime.c, 01/06/10, 21:57:06 , )
making(, cobjects.c, 01/06/10, 22:03:30 , )
making(, cstack.c, 01/06/10, 22:03:30 , )
making(, parserobj.c, 05/01/10, 16:26:52 , )
making(, builtin.c, 05/01/10, 16:26:52 , )
making(, parserobj.c, 05/01/10, 16:27:52 , )
making(, builtin.c, 05/01/10, 16:27:53 , )
making(, cobjects.c, 05/17/10, 21:32:36 , )
making(, cstack.c, 05/17/10, 21:32:37 , )
making(, parserobj.c, 05/17/10, 21:32:37 , )
making(, dictionary.c, 05/17/10, 21:32:37 , )
making(, builtin.c, 05/17/10, 21:32:37 , )
making(, main.c, 05/17/10, 21:32:37 , )
making(, runtime.c, 05/17/10, 21:32:38 , )
making(, cobjects.c, 05/17/10, 21:48:23 , )
making(, cstack.c, 05/17/10, 21:48:24 , )
making(, parserobj.c, 05/17/10, 21:48:24 , )
making(, dictionary.c, 05/17/10, 21:48:24 , )
making(, builtin.c, 05/17/10, 21:48:24 , )
making(, main.c, 05/17/10, 21:48:24 , )
making(, runtime.c, 05/17/10, 21:48:24 , )
making(, cstack.c, 05/17/10, 21:52:16 , )
making(, compiler.c, 05/22/10, 20:44:18 , )
making(, parserobj.c, 05/22/10, 20:44:18 , )
making(, dictionary.c, 05/22/10, 20:44:18 , )
making(, builtin.c, 05/22/10, 20:44:18 , )
making(, main.c, 05/22/10, 20:44:19 , )
making(, runtime.c, 05/22/10, 20:44:19 , )
making(, word.c, 05/22/10, 20:44:19 , )
making(, parserobj.c, 05/22/10, 21:00:16 , )
making(, main.c, 05/22/10, 21:00:16 , )
making(, main.c, 05/23/10, 07:00:01 , )
making(, main.c, 05/23/10, 07:01:18 , )
making(, compiler.c, 05/23/10, 07:01:51 , )
making(, parserobj.c, 05/23/10, 07:01:51 , )
making(, dictionary.c, 05/23/10, 07:01:51 , )
making(, builtin.c, 05/23/10, 07:01:51 , )
making(, main.c, 05/23/10, 07:01:51 , )
making(, runtime.c, 05/23/10, 07:01:51 , )
making(, word.c, 05/23/10, 07:01:51 , )
making(, compiler.c, 05/23/10, 07:05:14 , )
making(, parserobj.c, 05/23/10, 07:05:14 , )
making(, dictionary.c, 05/23/10, 07:05:14 , )
making(, builtin.c, 05/23/10, 07:05:14 , )
making(, main.c, 05/23/10, 07:05:14 , )
making(, runtime.c, 05/23/10, 07:05:14 , )
making(, word.c, 05/23/10, 07:05:14 , )
making(, dictionary.c, 05/23/10, 07:09:09 , )
making(, compiler.c, 05/23/10, 07:13:41 , )
making(, parserobj.c, 05/23/10, 07:13:41 , )
making(, dictionary.c, 05/23/10, 07:13:41 , )
making(, builtin.c, 05/23/10, 07:13:41 , )
making(, main.c, 05/23/10, 07:13:41 , )
making(, runtime.c, 05/23/10, 07:13:41 , )
making(, word.c, 05/23/10, 07:13:41 , )
making(, compiler.c, 05/23/10, 07:25:38 , )
making(, parserobj.c, 05/23/10, 07:25:38 , )
making(, dictionary.c, 05/23/10, 07:25:38 , )
making(, builtin.c, 05/23/10, 07:25:38 , )
making(, main.c, 05/23/10, 07:25:38 , )
making(, runtime.c, 05/23/10, 07:25:39 , )
making(, word.c, 05/23/10, 07:25:39 , )
making(, parserobj.c, 05/23/10, 07:31:57 , )
making(, dictionary.c, 05/23/10, 07:31:57 , )
making(, main.c, 05/23/10, 07:31:57 , )
making(, compiler.c, 05/23/10, 07:38:04 , )
making(, parserobj.c, 05/23/10, 07:38:04 , )
making(, dictionary.c, 05/23/10, 07:38:04 , )
making(, builtin.c, 05/23/10, 07:38:05 , )
making(, main.c, 05/23/10, 07:38:05 , )
making(, runtime.c, 05/23/10, 07:38:05 , )
making(, word.c, 05/23/10, 07:38:05 , )
making(, compiler.c, 05/23/10, 07:39:22 , )
making(, parserobj.c, 05/23/10, 07:39:22 , )
making(, dictionary.c, 05/23/10, 07:39:22 , )
making(, builtin.c, 05/23/10, 07:39:22 , )
making(, main.c, 05/23/10, 07:39:22 , )
making(, runtime.c, 05/23/10, 07:39:22 , )
making(, word.c, 05/23/10, 07:39:22 , )
making(, compiler.c, 05/23/10, 07:55:51 , )
making(, parserobj.c, 05/23/10, 07:55:51 , )
making(, dictionary.c, 05/23/10, 07:55:51 , )
making(, main.c, 05/23/10, 07:55:51 , )
making(, runtime.c, 05/23/10, 07:55:52 , )
making(, word.c, 05/23/10, 07:55:52 , )
making(, parserobj.c, 05/23/10, 08:05:04 , )
making(, dictionary.c, 05/23/10, 08:05:04 , )
making(, word.c, 05/23/10, 08:05:04 , )
making(, word.c, 05/23/10, 08:19:49 , )
making(, word.c, 05/23/10, 08:22:07 , )
making(, word.c, 05/23/10, 08:23:02 , )
making(, dictionary.c, 05/23/10, 08:23:50 , )
making(, dictionary.c, 05/23/10, 08:28:16 , )
making(, dictionary.c, 05/23/10, 08:28:51 , )
making(, compiler.c, 05/23/10, 22:03:46 , )
making(, parserobj.c, 05/23/10, 22:03:47 , )
making(, dictionary.c, 05/23/10, 22:03:47 , )
making(, runtime.c, 05/23/10, 22:03:47 , )
making(, word.c, 05/23/10, 22:03:47 , )
making(, runtime.c, 05/28/10, 20:44:59 , )
making(, compiler.c, 05/28/10, 21:17:45 , )
making(, word.c, 05/28/10, 21:25:21 , )
making(, dictionary.c, 05/28/10, 21:30:00 , )
making(, compiler.c, 05/29/10, 06:49:06 , )
making(, dictionary.c, 05/29/10, 06:49:06 , )
making(, word.c, 05/29/10, 06:49:06 , )
making(, dictionary.c, 05/29/10, 06:53:05 , )
making(, dictionary.c, 05/29/10, 06:54:56 , )
making(, compiler.c, 05/29/10, 06:56:15 , )
making(, parserobj.c, 05/29/10, 06:56:15 , )
making(, dictionary.c, 05/29/10, 06:56:15 , )
making(, main.c, 05/29/10, 06:56:15 , )
making(, runtime.c, 05/29/10, 06:56:15 , )
making(, word.c, 05/29/10, 06:56:15 , )
making(, dictionary.c, 05/29/10, 07:01:31 , )
making(, dictionary.c, 05/29/10, 07:02:21 , )
making(, dictionary.c, 05/29/10, 07:03:53 , )
making(, dictionary.c, 05/29/10, 07:04:57 , )
making(, compiler.c, 05/29/10, 07:09:20 , )
making(, dictionary.c, 05/29/10, 07:09:20 , )
making(, compiler.c, 05/29/10, 07:14:50 , )
making(, dictionary.c, 05/29/10, 07:14:50 , )
making(, compiler.c, 05/29/10, 08:03:15 , )
making(, parserobj.c, 05/29/10, 08:03:15 , )
making(, dictionary.c, 05/29/10, 08:03:16 , )
making(, main.c, 05/29/10, 08:03:16 , )
making(, runtime.c, 05/29/10, 08:03:16 , )
making(, word.c, 05/29/10, 08:03:16 , )
making(, compiler.c, 05/29/10, 08:07:51 , )
making(, compiler.c, 05/29/10, 08:10:48 , )
making(, compiler.c, 05/29/10, 09:01:25 , )
making(, parserobj.c, 05/29/10, 09:01:25 , )
making(, dictionary.c, 05/29/10, 09:01:25 , )
making(, main.c, 05/29/10, 09:01:25 , )
making(, runtime.c, 05/29/10, 09:01:25 , )
making(, word.c, 05/29/10, 09:01:26 , )
making(, compiler.c, 05/29/10, 10:02:26 , )
making(, compiler.c, 05/29/10, 10:11:23 , )
making(, parserobj.c, 05/29/10, 10:11:23 , )
making(, dictionary.c, 05/29/10, 10:11:23 , )
making(, main.c, 05/29/10, 10:11:23 , )
making(, runtime.c, 05/29/10, 10:11:23 , )
making(, word.c, 05/29/10, 10:11:23 , )
making(, compiler.c, 05/29/10, 10:14:07 , )
making(, compiler.c, 05/29/10, 10:16:09 , )
making(, compiler.c, 05/29/10, 10:24:34 , )
making(, compiler.c, 05/29/10, 10:28:43 , )
making(, parserobj.c, 05/29/10, 10:28:43 , )
making(, dictionary.c, 05/29/10, 10:28:43 , )
making(, main.c, 05/29/10, 10:28:43 , )
making(, runtime.c, 05/29/10, 10:28:43 , )
making(, word.c, 05/29/10, 10:28:43 , )
making(, compiler.c, 05/29/10, 10:29:38 , )
making(, compiler.c, 05/29/10, 10:37:55 , )
making(, parserobj.c, 05/29/10, 10:37:55 , )
making(, dictionary.c, 05/29/10, 10:37:55 , )
making(, main.c, 05/29/10, 10:37:55 , )
making(, runtime.c, 05/29/10, 10:37:55 , )
making(, word.c, 05/29/10, 10:37:55 , )
making(, compiler.c, 05/29/10, 10:44:48 , )
making(, parserobj.c, 05/29/10, 10:44:48 , )
making(, dictionary.c, 05/29/10, 10:44:48 , )
making(, main.c, 05/29/10, 10:44:48 , )
making(, runtime.c, 05/29/10, 10:44:48 , )
making(, word.c, 05/29/10, 10:44:48 , )
making(, compiler.c, 05/29/10, 10:47:40 , )
making(, compiler.c, 05/29/10, 10:52:03 , )
making(, compiler.c, 05/29/10, 10:53:11 , )
making(, compiler.c, 05/29/10, 10:55:40 , )
making(, compiler.c, 05/29/10, 10:58:27 , )
making(, compiler.c, 05/29/10, 11:32:04 , )
making(, compiler.c, 05/29/10, 11:35:36 , )
making(, compiler.c, 05/29/10, 11:38:06 , )
making(, compiler.c, 05/29/10, 11:39:20 , )
making(, compiler.c, 05/29/10, 13:47:09 , )
making(, parserobj.c, 05/29/10, 13:47:10 , )
making(, dictionary.c, 05/29/10, 13:47:10 , )
making(, main.c, 05/29/10, 13:47:10 , )
making(, runtime.c, 05/29/10, 13:47:10 , )
making(, word.c, 05/29/10, 13:47:10 , )
making(, compiler.c, 05/29/10, 13:53:19 , )
making(, compiler.c, 05/29/10, 14:05:18 , )
making(, compiler.c, 05/29/10, 14:06:10 , )
making(, compiler.c, 05/29/10, 14:12:48 , )
making(, dictionary.c, 05/29/10, 14:12:48 , )
making(, runtime.c, 05/29/10, 14:12:48 , )
making(, word.c, 05/29/10, 14:12:48 , )
making(, compiler.c, 05/29/10, 14:16:50 , )
making(, parserobj.c, 05/29/10, 14:16:50 , )
making(, dictionary.c, 05/29/10, 14:16:50 , )
making(, main.c, 05/29/10, 14:16:50 , )
making(, runtime.c, 05/29/10, 14:16:50 , )
making(, word.c, 05/29/10, 14:16:50 , )
making(, compiler.c, 05/29/10, 14:19:14 , )
making(, parserobj.c, 05/29/10, 14:19:14 , )
making(, dictionary.c, 05/29/10, 14:19:15 , )
making(, main.c, 05/29/10, 14:19:15 , )
making(, runtime.c, 05/29/10, 14:19:15 , )
making(, word.c, 05/29/10, 14:19:15 , )
making(, compiler.c, 05/29/10, 14:22:27 , )
making(, compiler.c, 05/29/10, 14:34:37 , )
making(, compiler.c, 05/29/10, 14:41:14 , )
making(, compiler.c, 05/29/10, 14:47:34 , )
making(, parserobj.c, 05/29/10, 14:47:34 , )
making(, dictionary.c, 05/29/10, 14:47:34 , )
making(, main.c, 05/29/10, 14:47:34 , )
making(, runtime.c, 05/29/10, 14:47:34 , )
making(, word.c, 05/29/10, 14:47:34 , )
making(, dictionary.c, 05/29/10, 14:49:19 , )
making(, compiler.c, 05/29/10, 14:56:58 , )
making(, compiler.c, 05/29/10, 14:59:30 , )
making(, compiler.c, 05/29/10, 15:00:46 , )
making(, compiler.c, 05/29/10, 15:03:19 , )
making(, compiler.c, 05/29/10, 15:06:35 , )
making(, compiler.c, 05/29/10, 15:22:05 , )
making(, compiler.c, 05/29/10, 15:30:06 , )
making(, runtime.c, 05/29/10, 15:30:06 , )
making(, compiler.c, 05/29/10, 15:47:31 , )
making(, runtime.c, 05/29/10, 15:47:31 , )
making(, compiler.c, 05/30/10, 11:48:59 , )
making(, compiler.c, 05/30/10, 11:51:15 , )
making(, compiler.c, 05/30/10, 11:52:28 , )
making(, compiler.c, 05/30/10, 11:52:51 , )
making(, compiler.c, 05/30/10, 11:53:58 , )
making(, compiler.c, 05/30/10, 12:17:24 , )
making(, dictionary.c, 05/30/10, 12:17:24 , )
making(, word.c, 05/30/10, 12:17:24 , )
making(, dictionary.c, 05/30/10, 12:18:36 , )
making(, word.c, 05/30/10, 12:18:36 , )
making(, compiler.c, 05/30/10, 12:24:20 , )
making(, dictionary.c, 05/30/10, 12:24:20 , )
making(, word.c, 05/30/10, 12:24:20 , )
making(, compiler.c, 05/30/10, 12:30:11 , )
making(, dictionary.c, 05/30/10, 12:30:11 , )
making(, word.c, 05/30/10, 12:30:11 , )
making(, compiler.c, 05/30/10, 12:35:00 , )
making(, dictionary.c, 05/30/10, 12:35:00 , )
making(, word.c, 05/30/10, 12:35:01 , )
making(, compiler.c, 05/30/10, 12:36:41 , )
making(, dictionary.c, 05/30/10, 12:36:41 , )
making(, word.c, 05/30/10, 12:36:41 , )
making(, compiler.c, 05/30/10, 12:36:59 , )
making(, dictionary.c, 05/30/10, 12:36:59 , )
making(, word.c, 05/30/10, 12:36:59 , )
making(, compiler.c, 05/30/10, 12:41:16 , )
making(, dictionary.c, 05/30/10, 12:41:16 , )
making(, word.c, 05/30/10, 12:41:16 , )
making(, compiler.c, 05/30/10, 12:53:32 , )
making(, dictionary.c, 05/30/10, 12:53:32 , )
making(, word.c, 05/30/10, 12:53:33 , )
making(, compiler.c, 05/30/10, 12:58:49 , )
making(, dictionary.c, 05/30/10, 12:58:49 , )
making(, word.c, 05/30/10, 12:58:50 , )
making(, compiler.c, 05/30/10, 13:01:05 , )
making(, dictionary.c, 05/30/10, 13:01:05 , )
making(, word.c, 05/30/10, 13:01:05 , )
making(, compiler.c, 05/30/10, 13:02:24 , )
making(, dictionary.c, 05/30/10, 13:02:24 , )
making(, word.c, 05/30/10, 13:02:24 , )
making(, compiler.c, 05/30/10, 13:07:54 , )
making(, dictionary.c, 05/30/10, 13:07:54 , )
making(, word.c, 05/30/10, 13:07:55 , )
making(, compiler.c, 05/30/10, 14:22:07 , )
making(, parserobj.c, 05/30/10, 14:22:07 , )
making(, dictionary.c, 05/30/10, 14:22:07 , )
making(, main.c, 05/30/10, 14:22:08 , )
making(, runtime.c, 05/30/10, 14:22:08 , )
making(, word.c, 05/30/10, 14:22:08 , )
making(, compiler.c, 05/30/10, 14:25:46 , )
making(, runtime.c, 05/30/10, 14:26:51 , )
making(, runtime.c, 05/30/10, 14:32:37 , )
making(, runtime.c, 05/30/10, 14:35:35 , )
making(, main.c, 05/30/10, 17:12:15 , )
making(, options.c, 05/30/10, 17:12:16 , )
making(, runtime.c, 05/30/10, 17:12:16 , )
making(, parserobj.c, 05/30/10, 17:12:40 , )
making(, main.c, 05/30/10, 17:12:40 , )
making(, options.c, 05/30/10, 17:12:40 , )
making(, parserobj.c, 05/30/10, 17:26:23 , )
making(, main.c, 05/30/10, 17:26:23 , )
making(, options.c, 05/30/10, 17:26:24 , )
making(, runtime.c, 05/30/10, 17:26:24 , )
making(, parserobj.c, 05/30/10, 17:34:34 , )
making(, main.c, 05/30/10, 17:34:34 , )
making(, options.c, 05/30/10, 17:34:34 , )
making(, runtime.c, 05/30/10, 17:34:34 , )
making(, parserobj.c, 05/30/10, 17:39:42 , )
making(, main.c, 05/30/10, 17:39:42 , )
making(, options.c, 05/30/10, 17:39:42 , )
making(, runtime.c, 05/30/10, 17:39:42 , )
making(, parserobj.c, 05/30/10, 17:44:12 , )
making(, main.c, 05/30/10, 17:44:13 , )
making(, options.c, 05/30/10, 17:44:13 , )
making(, runtime.c, 05/30/10, 17:44:13 , )
making(, parserobj.c, 05/30/10, 17:44:55 , )
making(, main.c, 05/30/10, 17:44:55 , )
making(, options.c, 05/30/10, 17:44:55 , )
making(, runtime.c, 05/30/10, 17:44:55 , )
making(, parserobj.c, 05/30/10, 18:03:51 , )
making(, main.c, 05/30/10, 18:03:51 , )
making(, options.c, 05/30/10, 18:03:51 , )
making(, runtime.c, 05/30/10, 18:03:51 , )
making(, parserobj.c, 05/30/10, 18:04:41 , )
making(, main.c, 05/30/10, 18:04:41 , )
making(, options.c, 05/30/10, 18:04:41 , )
making(, runtime.c, 05/30/10, 18:04:41 , )
making(, parserobj.c, 05/30/10, 18:07:52 , )
making(, main.c, 05/30/10, 18:07:52 , )
making(, options.c, 05/30/10, 18:07:52 , )
making(, runtime.c, 05/30/10, 18:07:52 , )
making(, parserobj.c, 05/30/10, 18:10:15 , )
making(, main.c, 05/30/10, 18:10:15 , )
making(, options.c, 05/30/10, 18:10:15 , )
making(, runtime.c, 05/30/10, 18:10:15 , )
making(, parserobj.c, 05/30/10, 18:14:27 , )
making(, main.c, 05/30/10, 18:14:27 , )
making(, options.c, 05/30/10, 18:14:28 , )
making(, runtime.c, 05/30/10, 18:14:28 , )
making(, parserobj.c, 05/30/10, 18:24:13 , )
making(, main.c, 05/30/10, 18:24:13 , )
making(, options.c, 05/30/10, 18:24:13 , )
making(, runtime.c, 05/30/10, 18:24:13 , )
making(, parserobj.c, 05/30/10, 18:25:03 , )
making(, main.c, 05/30/10, 18:25:03 , )
making(, options.c, 05/30/10, 18:25:03 , )
making(, runtime.c, 05/30/10, 18:25:03 , )
making(, parserobj.c, 05/30/10, 18:26:31 , )
making(, main.c, 05/30/10, 18:26:31 , )
making(, options.c, 05/30/10, 18:26:31 , )
making(, compiler.c, 05/30/10, 21:07:34 , )
making(, parserobj.c, 05/30/10, 21:07:34 , )
making(, main.c, 05/30/10, 21:07:34 , )
making(, options.c, 05/30/10, 21:07:34 , )
making(, compiler.c, 05/30/10, 21:09:43 , )
making(, parserobj.c, 05/30/10, 21:09:43 , )
making(, main.c, 05/30/10, 21:09:43 , )
making(, options.c, 05/30/10, 21:09:43 , )
making(, compiler.c, 05/30/10, 21:12:05 , )
making(, parserobj.c, 05/30/10, 21:12:05 , )
making(, main.c, 05/30/10, 21:12:05 , )
making(, options.c, 05/30/10, 21:12:05 , )
making(, parserobj.c, 05/30/10, 21:13:13 , )
making(, main.c, 05/30/10, 21:13:13 , )
making(, options.c, 05/30/10, 21:13:13 , )
making(, parserobj.c, 05/31/10, 18:41:26 , )
making(, dictionary.c, 05/31/10, 18:41:27 , )
making(, main.c, 05/31/10, 18:41:27 , )
making(, options.c, 05/31/10, 18:41:27 , )
making(, word.c, 05/31/10, 18:41:27 , )
making(, parserobj.c, 05/31/10, 19:15:44 , )
making(, dictionary.c, 05/31/10, 19:15:44 , )
making(, main.c, 05/31/10, 19:15:44 , )
making(, options.c, 05/31/10, 19:15:44 , )
making(, word.c, 05/31/10, 19:15:44 , )
making(, parserobj.c, 05/31/10, 19:17:30 , )
making(, dictionary.c, 05/31/10, 19:17:30 , )
making(, main.c, 05/31/10, 19:17:30 , )
making(, options.c, 05/31/10, 19:17:30 , )
making(, word.c, 05/31/10, 19:17:30 , )
making(, parserobj.c, 05/31/10, 19:18:02 , )
making(, dictionary.c, 05/31/10, 19:18:02 , )
making(, main.c, 05/31/10, 19:18:02 , )
making(, options.c, 05/31/10, 19:18:02 , )
making(, word.c, 05/31/10, 19:18:02 , )
making(, parserobj.c, 05/31/10, 19:25:31 , )
making(, dictionary.c, 05/31/10, 19:25:31 , )
making(, main.c, 05/31/10, 19:25:31 , )
making(, options.c, 05/31/10, 19:25:31 , )
making(, word.c, 05/31/10, 19:25:31 , )
making(, parserobj.c, 05/31/10, 19:25:44 , )
making(, dictionary.c, 05/31/10, 19:25:44 , )
making(, main.c, 05/31/10, 19:25:44 , )
making(, options.c, 05/31/10, 19:25:44 , )
making(, parserobj.c, 05/31/10, 19:26:37 , )
making(, dictionary.c, 05/31/10, 19:26:38 , )
making(, main.c, 05/31/10, 19:26:38 , )
making(, options.c, 05/31/10, 19:26:38 , )
making(, word.c, 05/31/10, 19:26:38 , )
making(, compiler.c, 05/31/10, 19:38:07 , )
making(, parserobj.c, 05/31/10, 19:38:07 , )
making(, dictionary.c, 05/31/10, 19:38:07 , )
making(, main.c, 05/31/10, 19:38:07 , )
making(, options.c, 05/31/10, 19:38:07 , )
making(, compiler.c, 05/31/10, 19:50:25 , )
making(, parserobj.c, 05/31/10, 19:50:25 , )
making(, dictionary.c, 05/31/10, 19:50:25 , )
making(, main.c, 05/31/10, 19:50:25 , )
making(, options.c, 05/31/10, 19:50:25 , )
making(, compiler.c, 05/31/10, 20:03:57 , )
making(, parserobj.c, 05/31/10, 20:03:57 , )
making(, dictionary.c, 05/31/10, 20:03:57 , )
making(, main.c, 05/31/10, 20:03:57 , )
making(, options.c, 05/31/10, 20:03:57 , )
making(, word.c, 05/31/10, 20:03:57 , )
making(, compiler.c, 05/31/10, 20:09:57 , )
making(, parserobj.c, 05/31/10, 20:09:57 , )
making(, dictionary.c, 05/31/10, 20:09:57 , )
making(, main.c, 05/31/10, 20:09:57 , )
making(, options.c, 05/31/10, 20:09:57 , )
making(, word.c, 05/31/10, 20:09:57 , )
making(, parserobj.c, 05/31/10, 20:11:08 , )
making(, dictionary.c, 05/31/10, 20:11:08 , )
making(, main.c, 05/31/10, 20:11:08 , )
making(, options.c, 05/31/10, 20:11:08 , )
making(, word.c, 05/31/10, 20:11:08 , )
making(, parserobj.c, 05/31/10, 20:12:28 , )
making(, dictionary.c, 05/31/10, 20:12:28 , )
making(, main.c, 05/31/10, 20:12:28 , )
making(, options.c, 05/31/10, 20:12:28 , )
making(, word.c, 05/31/10, 20:12:28 , )
making(, compiler.c, 05/31/10, 20:35:18 , )
making(, parserobj.c, 05/31/10, 20:35:18 , )
making(, dictionary.c, 05/31/10, 20:35:18 , )
making(, main.c, 05/31/10, 20:35:18 , )
making(, options.c, 05/31/10, 20:35:18 , )
making(, word.c, 05/31/10, 20:35:19 , )
making(, compiler.c, 05/31/10, 20:50:00 , )
making(, parserobj.c, 05/31/10, 20:50:00 , )
making(, dictionary.c, 05/31/10, 20:50:00 , )
making(, main.c, 05/31/10, 20:50:00 , )
making(, options.c, 05/31/10, 20:50:00 , )
making(, compiler.c, 05/31/10, 21:03:31 , )
making(, parserobj.c, 05/31/10, 21:03:31 , )
making(, dictionary.c, 05/31/10, 21:03:31 , )
making(, main.c, 05/31/10, 21:03:31 , )
making(, options.c, 05/31/10, 21:03:31 , )
making(, runtime.c, 05/31/10, 21:03:31 , )
making(, word.c, 05/31/10, 21:03:32 , )
making(, parserobj.c, 05/31/10, 21:06:09 , )
making(, compiler.c, 05/31/10, 21:13:26 , )
making(, parserobj.c, 05/31/10, 21:13:26 , )
making(, dictionary.c, 05/31/10, 21:13:26 , )
making(, main.c, 05/31/10, 21:13:26 , )
making(, options.c, 05/31/10, 21:13:26 , )
making(, runtime.c, 05/31/10, 21:13:26 , )
making(, word.c, 05/31/10, 21:13:26 , )
making(, parserobj.c, 05/31/10, 21:17:16 , )
making(, dictionary.c, 05/31/10, 21:17:16 , )
making(, main.c, 05/31/10, 21:17:16 , )
making(, options.c, 05/31/10, 21:17:16 , )
making(, runtime.c, 05/31/10, 21:17:16 , )
making(, word.c, 05/31/10, 21:17:17 , )
making(, compiler.c, 05/31/10, 21:19:28 , )
making(, word.c, 05/31/10, 21:19:28 , )
making(, compiler.c, 05/31/10, 21:23:23 , )
making(, word.c, 05/31/10, 21:23:24 , )
making(, compiler.c, 06/01/10, 22:11:51 , )
making(, parserobj.c, 06/01/10, 22:11:52 , )
making(, dictionary.c, 06/01/10, 22:11:52 , )
making(, main.c, 06/01/10, 22:11:52 , )
making(, options.c, 06/01/10, 22:11:52 , )
making(, runtime.c, 06/01/10, 22:11:52 , )
making(, word.c, 06/01/10, 22:11:52 , )
making(, parserobj.c, 06/01/10, 22:26:18 , )
making(, parserobj.c, 06/02/10, 20:50:48 , )
making(, parserobj.c, 06/02/10, 20:51:15 , )
making(, parserobj.c, 06/02/10, 20:52:31 , )
making(, parserobj.c, 06/02/10, 20:55:54 , )
making(, compiler.c, 06/03/10, 22:00:42 , )
making(, parserobj.c, 06/03/10, 22:00:42 , )
making(, compiler.c, 06/03/10, 22:02:45 , )
making(, parserobj.c, 06/03/10, 22:02:45 , )
making(, compiler.c, 06/04/10, 07:42:08 , )
making(, parserobj.c, 06/04/10, 07:42:08 , )
making(, compiler.c, 06/04/10, 07:43:39 , )
making(, parserobj.c, 06/04/10, 07:43:39 , )
making(, runtime.c, 06/04/10, 07:57:19 , )
making(, runtime.c, 06/04/10, 07:59:10 , )
making(, runtime.c, 06/04/10, 08:02:32 , )
making(, runtime.c, 06/04/10, 08:05:10 , )
making(, runtime.c, 06/04/10, 08:05:53 , )
making(, runtime.c, 06/04/10, 09:33:16 , )
making(, runtime.c, 06/04/10, 09:34:05 , )
making(, parserobj.c, 06/04/10, 09:46:01 , )
making(, parserobj.c, 06/06/10, 16:10:15 , )
making(, runtime.c, 06/06/10, 16:10:16 , )
making(, parserobj.c, 06/06/10, 16:11:48 , )
making(, runtime.c, 06/06/10, 16:11:49 , )
making(, compiler.c, 06/08/10, 20:34:55 , )
making(, parserobj.c, 06/08/10, 20:34:55 , )
making(, compiler.c, 06/08/10, 20:38:23 , )
making(, parserobj.c, 06/08/10, 20:38:23 , )
making(, compiler.c, 06/08/10, 20:40:09 , )
making(, parserobj.c, 06/08/10, 20:40:09 , )
making(, compiler.c, 06/08/10, 20:42:41 , )
making(, parserobj.c, 06/08/10, 20:42:41 , )
making(, compiler.c, 06/08/10, 20:45:31 , )
making(, parserobj.c, 06/08/10, 20:45:31 , )
making(, compiler.c, 06/08/10, 20:46:51 , )
making(, parserobj.c, 06/08/10, 20:46:51 , )
making(, compiler.c, 06/09/10, 21:56:18 , )
making(, parserobj.c, 06/09/10, 21:56:18 , )
making(, dictionary.c, 06/09/10, 21:56:18 , )
making(, main.c, 06/09/10, 21:56:18 , )
making(, options.c, 06/09/10, 21:56:18 , )
making(, runtime.c, 06/09/10, 21:56:18 , )
making(, word.c, 06/09/10, 21:56:19 , )
making(, compiler.c, 06/09/10, 21:56:31 , )
making(, compiler.c, 06/09/10, 22:36:33 , )
making(, word.c, 06/09/10, 22:36:33 , )
making(, compiler.c, 06/09/10, 22:37:37 , )
making(, word.c, 06/09/10, 22:37:37 , )
making(, compiler.c, 06/09/10, 22:43:06 , )
making(, word.c, 06/09/10, 22:43:06 , )
making(, compiler.c, 06/09/10, 22:44:39 , )
making(, word.c, 06/09/10, 22:44:39 , )
making(, compiler.c, 06/09/10, 22:45:12 , )
making(, word.c, 06/09/10, 22:45:12 , )
making(, compiler.c, 06/09/10, 22:49:56 , )
making(, word.c, 06/09/10, 22:49:56 , )
making(, compiler.c, 06/09/10, 22:50:21 , )
making(, word.c, 06/09/10, 22:50:21 , )
making(, compiler.c, 06/10/10, 22:35:54 , )
making(, word.c, 06/10/10, 22:35:55 , )
making(, compiler.c, 06/10/10, 22:42:08 , )
making(, word.c, 06/10/10, 22:42:08 , )
making(, compiler.c, 06/10/10, 22:42:45 , )
making(, word.c, 06/10/10, 22:42:45 , )
making(, compiler.c, 06/10/10, 22:43:25 , )
making(, word.c, 06/10/10, 22:43:26 , )
making(, compiler.c, 06/10/10, 22:44:55 , )
making(, word.c, 06/10/10, 22:44:55 , )
making(, compiler.c, 06/12/10, 07:07:33 , )
making(, runtime.c, 06/12/10, 07:07:33 , )
making(, word.c, 06/12/10, 07:07:33 , )
making(, compiler.c, 06/12/10, 07:09:13 , )
making(, runtime.c, 06/12/10, 07:09:13 , )
making(, word.c, 06/12/10, 07:09:13 , )
making(, compiler.c, 06/12/10, 07:12:07 , )
making(, runtime.c, 06/12/10, 07:12:07 , )
making(, word.c, 06/12/10, 07:12:07 , )
making(, compiler.c, 06/12/10, 07:26:51 , )
making(, runtime.c, 06/12/10, 07:26:51 , )
making(, word.c, 06/12/10, 07:26:51 , )
making(, runtime.c, 06/12/10, 07:32:22 , )
making(, runtime.c, 06/12/10, 07:36:41 , )
making(, compiler.c, 06/12/10, 07:39:07 , )
making(, runtime.c, 06/12/10, 07:39:07 , )
making(, word.c, 06/12/10, 07:39:07 , )
making(, runtime.c, 06/12/10, 07:42:36 , )
making(, runtime.c, 06/12/10, 07:45:32 , )
making(, runtime.c, 06/12/10, 07:51:57 , )
making(, runtime.c, 06/12/10, 07:55:16 , )
making(, runtime.c, 06/12/10, 07:57:18 , )
making(, runtime.c, 06/12/10, 07:58:07 , )
making(, runtime.c, 06/12/10, 08:03:13 , )
making(, runtime.c, 06/12/10, 08:05:59 , )
making(, compiler.c, 06/12/10, 08:14:19 , )
making(, parserobj.c, 06/12/10, 08:14:19 , )
making(, dictionary.c, 06/12/10, 08:14:20 , )
making(, main.c, 06/12/10, 08:14:20 , )
making(, options.c, 06/12/10, 08:14:20 , )
making(, runtime.c, 06/12/10, 08:14:20 , )
making(, word.c, 06/12/10, 08:14:20 , )
making(, runtime.c, 06/12/10, 08:15:43 , )
making(, runtime.c, 06/12/10, 14:00:20 , )
making(, compiler.c, 06/12/10, 21:32:44 , )
making(, parserobj.c, 06/12/10, 21:32:44 , )
making(, dictionary.c, 06/12/10, 21:32:44 , )
making(, main.c, 06/12/10, 21:32:44 , )
making(, options.c, 06/12/10, 21:32:44 , )
making(, runtime.c, 06/12/10, 21:32:45 , )
making(, word.c, 06/12/10, 21:32:45 , )
making(, runtime.c, 06/12/10, 21:48:57 , )
making(, runtime.c, 06/12/10, 21:49:37 , )
making(, runtime.c, 06/12/10, 21:50:49 , )
making(, runtime.c, 06/12/10, 21:52:17 , )
making(, runtime.c, 06/12/10, 21:56:07 , )
making(, runtime.c, 06/12/10, 21:58:52 , )
making(, runtime.c, 06/12/10, 22:02:54 , )
making(, compiler.c, 06/12/10, 22:10:06 , )
making(, parserobj.c, 06/12/10, 22:10:06 , )
making(, dictionary.c, 06/12/10, 22:10:06 , )
making(, main.c, 06/12/10, 22:10:06 , )
making(, options.c, 06/12/10, 22:10:06 , )
making(, runtime.c, 06/12/10, 22:10:06 , )
making(, word.c, 06/12/10, 22:10:06 , )
making(, runtime.c, 06/12/10, 22:16:46 , )
making(, runtime.c, 06/13/10, 21:17:01 , )
making(, compiler.c, 06/14/10, 21:49:43 , )
making(, runtime.c, 06/14/10, 21:49:44 , )
making(, compiler.c, 06/15/10, 18:10:00 , )
making(, runtime.c, 06/15/10, 18:10:01 , )
making(, compiler.c, 06/16/10, 20:18:24 , )
making(, runtime.c, 06/16/10, 20:18:25 , )
making(, runtime.c, 06/16/10, 20:28:03 , )
making(, runtime.c, 06/16/10, 20:28:44 , )
making(, runtime.c, 06/16/10, 20:30:02 , )
making(, compiler.c, 06/16/10, 20:31:07 , )
making(, runtime.c, 06/16/10, 20:31:07 , )
making(, runtime.c, 06/16/10, 20:33:14 , )
making(, runtime.c, 06/16/10, 20:42:28 , )
making(, compiler.c, 06/16/10, 20:49:11 , )
making(, compiler.c, 09/06/10, 11:27:49 , )
making(, runtime.c, 09/06/10, 11:27:49 , )
making(, compiler.c, 12/22/10, 19:43:50 , )
making(, parserobj.c, 12/22/10, 19:43:51 , )
making(, main.c, 12/22/10, 19:43:51 , )
making(, options.c, 12/22/10, 19:43:51 , )
making(, runtime.c, 12/22/10, 19:43:51 , )
making(, word.c, 12/22/10, 19:43:52 , )
making(, compiler.c, 12/23/10, 13:51:08 , )
making(, parserobj.c, 12/23/10, 13:51:08 , )
making(, dictionary.c, 12/23/10, 13:51:09 , )
making(, main.c, 12/23/10, 13:51:09 , )
making(, options.c, 12/23/10, 13:51:09 , )
making(, runtime.c, 12/23/10, 13:51:09 , )
making(, word.c, 12/23/10, 13:51:10 , )
making(, compiler.c, 12/23/10, 14:33:52 , )
making(, parserobj.c, 12/23/10, 14:33:52 , )
making(, dictionary.c, 12/23/10, 14:33:53 , )
making(, main.c, 12/23/10, 14:33:53 , )
making(, options.c, 12/23/10, 14:33:53 , )
making(, runtime.c, 12/23/10, 14:33:53 , )
making(, word.c, 12/23/10, 14:33:53 , )
making(, compiler.c, 12/23/10, 14:34:10 , )
making(, parserobj.c, 12/23/10, 14:34:10 , )
making(, dictionary.c, 12/23/10, 14:34:10 , )
making(, main.c, 12/23/10, 14:34:10 , )
making(, options.c, 12/23/10, 14:34:11 , )
making(, runtime.c, 12/23/10, 14:34:11 , )
making(, word.c, 12/23/10, 14:34:11 , )
making(, compiler.c, 12/23/10, 14:43:01 , )
making(, parserobj.c, 12/23/10, 14:43:01 , )
making(, dictionary.c, 12/23/10, 14:43:02 , )
making(, main.c, 12/23/10, 14:43:02 , )
making(, options.c, 12/23/10, 14:43:02 , )
making(, runtime.c, 12/23/10, 14:43:02 , )
making(, word.c, 12/23/10, 14:43:02 , )
making(, compiler.c, 03/05/11, 22:05:11 , )
making(, parserobj.c, 03/05/11, 22:05:11 , )
making(, dictionary.c, 03/05/11, 22:05:11 , )
making(, main.c, 03/05/11, 22:05:12 , )
making(, options.c, 03/05/11, 22:05:12 , )
making(, runtime.c, 03/05/11, 22:05:12 , )
making(, word.c, 03/05/11, 22:05:12 , )
making(, main.c, 03/07/11, 22:09:13 , )
making(, options.c, 03/07/11, 22:09:13 , )
making(, main.c, 03/07/11, 22:10:02 , )
making(, options.c, 03/07/11, 22:10:02 , )
